customer_id,name,age,gender,income,join_date,credit_limit,status
C1000,Michael Charles,56,Other,35795,16-12-2020,5000,Active
C1001,Ronald Boyle,46,Other,123694,18-06-2021,20000,Active
C1002,Daniel Sanders,60,Male,139879,12-06-2022,10000,Churned
C1003,Billy Baker,38,Male,74886,23-11-2020,50000,Active
C1004,Ryan Williams,36,Other,148214,17-10-2020,30000,Active
C1005,Rodney Jennings,28,Male,107498,23-10-2023,5000,Active
C1006,Christian Graham,41,Male,146324,20-12-2023,50000,Churned
C1007,Eric Mcbride,53,Male,80263,12-04-2025,50000,Active
C1008,Gloria Ewing,41,Other,61090,20-12-2022,50000,Inactive
C1009,Michael Wilcox,39,Male,84820,25-03-2021,30000,Churned
C1010,Laura Barton,19,Female,79735,04-10-2020,5000,Active
C1011,John Hernandez,61,Other,84925,06-06-2023,30000,Inactive
C1012,Brendan Hunter,55,Female,87969,30-12-2021,10000,Active
C1013,Joel Johnson,38,Female,103104,26-02-2024,5000,Active
C1014,Samuel Ray,29,Female,105305,13-10-2021,5000,Inactive
C1015,Michael Tucker,39,Female,91932,01-11-2023,50000,Inactive
C1016,Nicholas Patel,61,Male,113016,27-12-2020,30000,Churned
C1017,Jamie Matthews,66,Male,126970,09-04-2025,30000,Active
C1018,Rodney Mckinney,59,Other,38431,07-03-2024,20000,Churned
C1019,April Hudson,45,Other,22747,10-02-2022,20000,Churned
C1020,David Cardenas,33,Male,79150,18-02-2021,5000,Active
C1021,Laura Reed,64,Other,55773,12-09-2021,10000,Inactive
C1022,Grant Costa DDS,68,Male,87435,30-01-2022,10000,Active
C1023,Justin Hutchinson,69,Female,51551,18-07-2020,20000,Inactive
C1024,John Johnson,20,Other,89092,25-10-2020,20000,Active
C1025,Alyssa Graham,68,Female,61606,24-01-2021,20000,Active
C1026,Dustin White,38,Other,145768,03-06-2021,20000,Churned
C1027,Austin Warren,56,Other,107313,03-07-2022,5000,Churned
C1028,Tina Chang,21,Other,28792,02-11-2023,10000,Churned
C1029,Crystal Steele,31,Other,93969,21-03-2021,10000,Active
C1030,Dr. Andrew Ferrell,26,Female,43897,12-04-2022,30000,Inactive
C1031,Aaron Reyes Jr.,19,Other,144243,23-03-2022,50000,Active
C1032,Logan Stevens,45,Other,140174,20-10-2024,20000,Active
C1033,Andrew Smith,24,Male,68555,26-10-2024,5000,Inactive
C1034,Joe Nguyen,25,Female,130510,10-01-2021,20000,Active
C1035,Michelle Garcia,52,Male,100077,12-11-2022,50000,Churned
C1036,Kristina Caldwell,34,Female,112067,03-02-2024,10000,Churned
C1037,Renee Gibson,67,Female,89479,22-12-2022,30000,Churned
C1038,Seth Wilson,21,Female,39457,04-12-2023,10000,Inactive
C1039,Karen Collins,23,Male,129109,17-03-2022,10000,Churned
C1040,Jamie Steele,59,Other,72995,07-11-2023,50000,Inactive
C1041,Ashley Lam,46,Other,65758,06-01-2021,50000,Inactive
C1042,Crystal Lewis,35,Other,92409,24-03-2025,30000,Inactive
C1043,Michael Richards,61,Male,85697,16-01-2022,10000,Churned
C1044,Brittany Tanner,27,Female,112093,08-11-2022,5000,Active
C1045,Justin Clements,53,Male,149293,19-09-2021,10000,Churned
C1046,Michelle Bennett,48,Male,147791,18-09-2022,30000,Churned
C1047,Ana Coleman,32,Male,114663,15-12-2021,30000,Inactive
C1048,Alyssa Anderson,31,Other,146678,13-09-2024,30000,Churned
C1049,Michelle Carr,57,Female,109812,16-09-2024,50000,Active
C1050,William Knox,33,Other,44300,26-10-2020,5000,Churned
C1051,David Rodriguez,35,Other,102798,17-03-2023,20000,Churned
C1052,Maria Barnes,41,Female,32185,08-04-2023,5000,Inactive
C1053,Tina Thomas,42,Female,106779,30-11-2024,10000,Inactive
C1054,Tina Martinez,62,Male,125512,16-01-2022,20000,Churned
C1055,Janet Ramirez,46,Male,71214,12-05-2022,50000,Active
C1056,Jennifer Cortez,62,Other,134752,04-03-2022,20000,Churned
C1057,Antonio Sutton,42,Other,60774,13-08-2020,50000,Active
C1058,Barbara Rogers,26,Male,140151,18-06-2020,20000,Active
C1059,Adrienne Guerrero,18,Other,87563,11-09-2020,50000,Active
C1060,Michael Sosa,25,Other,144375,21-04-2024,20000,Inactive
C1061,Thomas Jones,28,Male,107538,04-01-2024,5000,Inactive
C1062,Jeffrey Cantrell,34,Female,53159,31-01-2022,10000,Active
C1063,Marco Williams,52,Male,81858,08-05-2020,50000,Active
C1064,Linda Mcintyre,50,Male,32666,17-11-2024,30000,Active
C1065,Ms. Lisa Ray,22,Other,23561,24-02-2023,10000,Active
C1066,Shelby Reynolds,56,Other,84505,01-09-2022,30000,Churned
C1067,Adam Baker,58,Male,72251,19-01-2021,20000,Churned
C1068,Russell Henson,24,Other,28392,31-05-2021,30000,Active
C1069,Robert Hines,25,Other,98603,26-09-2024,10000,Churned
C1070,Robert Reynolds Jr.,51,Female,72256,28-05-2024,30000,Churned
C1071,Ian Wu,65,Other,147478,09-04-2021,20000,Inactive
C1072,Patricia Williamson,40,Other,97373,02-12-2024,30000,Active
C1073,Joseph Gomez,41,Male,143684,13-08-2023,10000,Active
C1074,Robert Kennedy,52,Female,104651,05-08-2022,5000,Churned
C1075,Daniel Ross,57,Other,30965,20-01-2024,10000,Churned
C1076,Rachel West,44,Male,128066,28-11-2024,5000,Active
C1077,Patrick Garcia,18,Other,118018,17-07-2021,5000,Active
C1078,Julie Thornton,54,Male,28110,02-04-2025,5000,Inactive
C1079,Michelle Shields,31,Male,47266,10-03-2024,50000,Active
C1080,Donna Smith,18,Female,102948,18-12-2023,30000,Active
C1081,William Collins,43,Other,118806,15-09-2021,10000,Churned
C1082,Courtney Cruz,31,Other,110982,02-03-2023,50000,Inactive
C1083,Sandra Lewis,44,Male,139176,12-06-2020,30000,Inactive
C1084,Mary Williams,32,Male,107054,21-04-2023,5000,Active
C1085,Tony Davis,43,Other,142409,24-08-2023,30000,Inactive
C1086,Kimberly Buck,30,Female,142546,09-11-2024,30000,Inactive
C1087,Elizabeth Williams,49,Other,137478,18-10-2020,5000,Churned
C1088,Melissa Johnson,66,Other,127059,12-03-2022,5000,Active
C1089,John Maxwell,49,Female,107939,03-08-2020,20000,Active
C1090,Kyle Harrison,47,Male,100356,09-08-2022,10000,Active
C1091,Haley Ross,40,Other,91910,24-09-2023,30000,Active
C1092,Brittany Meza,62,Female,87214,03-06-2021,10000,Inactive
C1093,Craig Martinez,60,Female,139324,12-11-2022,10000,Active
C1094,Dana Smith,53,Female,75820,26-06-2022,50000,Active
C1095,James Walker,49,Male,101734,08-07-2023,50000,Active
C1096,Alexander Tucker,68,Male,137845,09-12-2021,10000,Active
C1097,Michael Jackson,45,Female,63585,18-12-2021,30000,Inactive
C1098,Tina Stewart,59,Male,84044,05-09-2020,30000,Active
C1099,Robert Petersen,23,Male,115003,03-12-2024,30000,Active
C1100,Jasmine Smith,45,Female,132235,03-07-2020,20000,Inactive
C1101,Suzanne Gutierrez,61,Female,45939,17-10-2020,30000,Churned
C1102,Michelle Walsh,47,Other,62941,15-11-2024,50000,Churned
C1103,Benjamin Blake,28,Other,38047,26-12-2023,30000,Active
C1104,Patrick Miller,45,Male,41976,26-05-2024,20000,Active
C1105,Kaitlyn Green,56,Male,145117,26-03-2024,50000,Churned
C1106,Donald Clark,50,Other,50080,19-01-2023,5000,Churned
C1107,Ruben Page,44,Female,81373,10-09-2022,5000,Active
C1108,Colleen Villa,69,Other,147948,06-02-2021,30000,Churned
C1109,Stacey Novak,58,Other,29474,04-10-2022,10000,Active
C1110,Nicholas Ward,56,Other,78053,03-02-2021,5000,Active
C1111,Sandra Robinson,25,Male,25530,09-09-2022,50000,Active
C1112,Mr. Jay Sanchez Jr.,26,Other,139101,24-01-2024,10000,Inactive
C1113,Kaitlyn Riley,54,Male,117504,07-05-2021,50000,Active
C1114,Kenneth Roberts,68,Other,33545,31-10-2021,50000,Active
C1115,Amanda Murphy,61,Other,86199,12-07-2021,5000,Inactive
C1116,Jillian Grant,32,Other,93530,19-02-2025,50000,Churned
C1117,Theresa Riddle,49,Other,115839,13-11-2021,20000,Inactive
C1118,Kenneth Reyes,41,Male,88840,01-09-2022,20000,Active
C1119,Ashley Henry,69,Female,74384,05-06-2024,30000,Active
C1120,Anita Hoffman,66,Other,59353,16-03-2024,20000,Inactive
C1121,Anthony Lee,69,Female,103211,09-02-2025,5000,Active
C1122,Vanessa Morgan,56,Female,129953,25-05-2021,50000,Churned
C1123,Ruth Scott,20,Male,43664,29-11-2023,5000,Churned
C1124,Deanna Harrison,54,Male,105616,03-10-2024,50000,Inactive
C1125,David Blackwell,34,Male,135386,05-08-2021,20000,Active
C1126,Jonathan Clark,66,Male,114209,09-06-2021,20000,Inactive
C1127,Jessica Zhang,19,Male,132859,31-12-2024,30000,Churned
C1128,Sarah Bradley,40,Other,110084,22-01-2021,20000,Churned
C1129,Steven Howell,49,Other,27392,01-11-2020,50000,Active
C1130,Sarah Freeman,18,Other,146354,13-11-2021,50000,Inactive
C1131,Brandon Garcia,19,Other,107092,08-11-2020,5000,Active
C1132,Todd Webb,61,Female,145657,25-03-2023,5000,Active
C1133,Derrick Hernandez,49,Other,46309,05-09-2024,50000,Active
C1134,Catherine Nelson DDS,49,Female,83734,04-03-2023,20000,Churned
C1135,Emily Obrien,21,Male,72662,22-07-2024,20000,Active
C1136,Alexis Faulkner,28,Other,129751,20-05-2022,20000,Churned
C1137,Krystal Page,34,Female,45342,03-04-2023,20000,Active
C1138,Susan Marsh,55,Male,87863,24-04-2023,30000,Inactive
C1139,James Camacho,22,Male,72083,01-11-2020,5000,Inactive
C1140,Timothy Morgan,51,Male,85733,27-04-2022,20000,Active
C1141,Chris Monroe,39,Other,54698,20-12-2021,30000,Churned
C1142,Kyle Lynch,65,Other,42671,24-09-2021,30000,Churned
C1143,Johnny Brown,50,Male,113384,20-05-2023,5000,Active
C1144,Marcus Wright,23,Other,71663,17-06-2023,10000,Churned
C1145,Justin Robinson,46,Male,111906,17-04-2023,20000,Churned
C1146,Raymond Anderson,37,Other,22811,25-10-2022,10000,Inactive
C1147,John Johnson,53,Male,92082,23-02-2023,5000,Inactive
C1148,Breanna Anderson,43,Female,54754,09-10-2023,5000,Inactive
C1149,William Rosario,36,Male,31411,16-08-2021,10000,Churned
C1150,Robert Garrett,49,Male,87270,20-12-2023,20000,Churned
C1151,Raymond Fitzgerald,69,Female,28680,21-02-2022,50000,Churned
C1152,Charles Henry,50,Male,103879,11-01-2024,10000,Active
C1153,Mark Hays,56,Male,120689,09-03-2023,30000,Active
C1154,Karen Kidd,57,Male,57504,12-11-2021,20000,Inactive
C1155,Derek Bishop DDS,28,Other,28155,15-05-2021,10000,Inactive
C1156,Michele Roman,42,Male,132561,16-08-2022,5000,Inactive
C1157,Diane Wood,40,Male,41918,07-06-2021,30000,Active
C1158,Scott Ramirez,47,Male,80713,12-11-2024,30000,Inactive
C1159,Mrs. Amy Griffith DDS,52,Female,36646,08-04-2025,10000,Active
C1160,Phillip James,33,Male,116601,31-08-2020,10000,Inactive
C1161,Jessica Bullock,65,Female,127512,25-11-2023,20000,Active
C1162,Laura Benson,69,Female,97371,13-02-2024,20000,Churned
C1163,Javier Steele,66,Other,22049,03-07-2023,30000,Churned
C1164,Bonnie Love,18,Other,123727,01-11-2021,20000,Active
C1165,Lee Alexander,29,Male,40932,03-08-2022,20000,Active
C1166,Alexander Ford,54,Other,49855,04-07-2023,20000,Active
C1167,William Chase,26,Male,27400,03-05-2024,50000,Inactive
C1168,Casey Blackwell,52,Female,62642,20-04-2023,20000,Inactive
C1169,Nicholas Jones,65,Other,71407,28-01-2024,50000,Active
C1170,Kathy Mcgee,20,Female,24499,17-03-2025,50000,Active
C1171,Zachary Clay,41,Female,140885,14-12-2020,5000,Churned
C1172,Nicole Johnson,50,Female,32183,03-01-2021,5000,Churned
C1173,Christopher Dominguez,69,Other,32874,19-03-2023,10000,Inactive
C1174,Emily Hayes,66,Female,52711,16-12-2020,5000,Churned
C1175,Judy Lopez,53,Female,127941,05-06-2021,50000,Inactive
C1176,Mark Thompson,57,Other,81267,29-09-2023,5000,Churned
C1177,Philip Carter,52,Female,146063,25-01-2024,50000,Inactive
C1178,Deborah Johnson,42,Other,102018,23-08-2023,30000,Inactive
C1179,Dawn Garcia,42,Female,132476,23-01-2023,20000,Churned
C1180,Samantha Walker DVM,35,Male,66975,08-11-2023,10000,Inactive
C1181,Scott Richards,63,Other,139121,03-02-2022,30000,Churned
C1182,Carol Bray,19,Other,22869,22-10-2021,10000,Churned
C1183,Kevin Hanson,52,Other,81135,07-08-2023,20000,Inactive
C1184,David Anderson,58,Other,114179,05-04-2024,5000,Inactive
C1185,Whitney White,50,Female,58467,16-08-2023,10000,Inactive
C1186,James Smith,50,Other,139181,01-03-2022,50000,Churned
C1187,Valerie Chang,38,Female,106831,08-05-2020,30000,Inactive
C1188,Natalie Gray,37,Female,78871,07-02-2022,10000,Churned
C1189,Sally Pope,25,Female,66214,23-02-2024,10000,Churned
C1190,Tracey Woods,20,Male,106416,29-07-2023,20000,Churned
C1191,Stephanie Hernandez,50,Other,145615,10-05-2020,50000,Inactive
C1192,Danny Francis,29,Male,127450,14-04-2023,10000,Churned
C1193,Kimberly Kelly,68,Female,65525,14-01-2023,10000,Active
C1194,Susan Alvarez,39,Male,26893,02-05-2021,5000,Active
C1195,Samantha Perry,47,Male,99909,19-01-2023,30000,Churned
C1196,Stefanie Rogers,55,Male,23436,22-02-2022,30000,Inactive
C1197,David Anthony,68,Other,96213,02-01-2025,50000,Active
C1198,Kenneth Perry,25,Other,39738,24-10-2022,30000,Inactive
C1199,Karen Lucas,44,Female,69377,01-06-2021,10000,Active
C1200,Brian Wells,38,Other,74045,03-03-2022,5000,Active
C1201,Tracey Simmons,50,Female,149307,10-06-2024,10000,Active
C1202,Cynthia Spencer,64,Other,127455,19-06-2021,50000,Inactive
C1203,Dillon Perkins,50,Male,114660,11-07-2024,50000,Active
C1204,Amber Brown,65,Male,65714,07-03-2024,30000,Active
C1205,Penny Drake,21,Female,122946,18-03-2022,50000,Churned
C1206,Erika Collins,66,Other,125983,05-03-2021,20000,Inactive
C1207,Lynn Freeman,34,Other,76491,01-02-2021,50000,Inactive
C1208,Donald Ware,45,Other,38589,29-10-2023,30000,Active
C1209,Mark Reed,46,Other,102989,31-12-2020,30000,Inactive
C1210,Jennifer Banks,23,Female,67202,30-12-2024,10000,Churned
C1211,Joshua Robinson,58,Female,53828,14-06-2022,50000,Inactive
C1212,Brandi Baker,41,Other,23420,27-03-2025,10000,Inactive
C1213,Joshua Osborne,66,Female,20301,30-08-2024,5000,Churned
C1214,Adam Moreno,48,Female,137858,15-09-2023,10000,Inactive
C1215,Christopher Johnson,50,Female,144019,19-07-2023,20000,Churned
C1216,Karl Smith,38,Male,121279,10-04-2024,10000,Active
C1217,Erica Fowler,40,Male,70336,02-05-2021,30000,Churned
C1218,Erin Baldwin,20,Male,143007,27-03-2021,10000,Active
C1219,Kevin Thompson,35,Female,54584,31-10-2022,30000,Inactive
C1220,Sally Marshall,59,Other,140542,09-06-2022,30000,Inactive
C1221,Abigail Warren,20,Male,120199,05-11-2022,10000,Inactive
C1222,Kevin Bush,63,Female,56631,07-10-2020,50000,Churned
C1223,Marilyn Barber,67,Male,92991,09-02-2024,50000,Inactive
C1224,Matthew Hanson,64,Female,31093,13-01-2025,5000,Inactive
C1225,Melissa Salinas,40,Female,55777,10-04-2021,30000,Inactive
C1226,Timothy Gilmore,44,Other,30729,07-06-2022,50000,Churned
C1227,Christopher Hess,19,Male,65017,08-11-2021,30000,Active
C1228,Jennifer Lawson,34,Female,47751,28-06-2020,30000,Inactive
C1229,Robert Harper,50,Male,125864,07-05-2021,30000,Inactive
C1230,Elizabeth Long,60,Other,98069,21-07-2022,30000,Churned
C1231,Sydney Glass,65,Male,125510,15-06-2024,30000,Active
C1232,Isabella Young,46,Other,25801,11-04-2024,50000,Active
C1233,Christina Simpson,43,Female,124290,26-03-2024,50000,Churned
C1234,Teresa Arnold,67,Other,49592,21-12-2023,5000,Active
C1235,Micheal Espinoza,41,Other,28716,11-11-2020,30000,Active
C1236,Tara Hill,24,Female,109912,10-11-2020,10000,Active
C1237,Eric Jackson,53,Female,90316,14-12-2021,30000,Inactive
C1238,Jessica Ellis,37,Male,22368,08-12-2024,30000,Inactive
C1239,Julie Mcintyre,25,Female,26655,21-08-2024,30000,Inactive
C1240,Donald Mitchell,63,Female,90031,16-02-2021,20000,Active
C1241,Stephanie Li,31,Female,111083,02-10-2020,5000,Churned
C1242,Jonathon Young,68,Other,75766,12-09-2020,5000,Inactive
C1243,Seth Yang,32,Male,33403,03-08-2021,5000,Churned
C1244,Tanner Stokes,51,Male,98657,30-08-2023,5000,Active
C1245,Teresa Clark,49,Male,30966,21-02-2021,5000,Churned
C1246,Amanda Brooks,39,Male,138834,28-01-2022,10000,Active
C1247,Megan Vazquez,42,Female,72921,30-09-2023,5000,Churned
C1248,Zachary Young,39,Male,75609,17-12-2024,30000,Churned
C1249,Cassandra Duncan,39,Female,51024,03-05-2021,20000,Active
C1250,John Walsh,69,Other,90313,06-05-2023,50000,Churned
C1251,Jack Carrillo,23,Other,73006,21-09-2020,5000,Active
C1252,Robyn Smith,60,Female,88027,10-08-2024,5000,Churned
C1253,Jordan Vazquez,54,Male,133632,04-03-2024,20000,Churned
C1254,Dustin Obrien,25,Other,39508,01-01-2025,30000,Inactive
C1255,Bethany Henry,61,Other,68747,27-08-2023,10000,Active
C1256,William Carpenter,22,Other,107142,20-12-2022,10000,Active
C1257,Amber Williams,21,Other,74021,09-01-2021,20000,Churned
C1258,Michael Jenkins,62,Other,78335,28-02-2024,5000,Churned
C1259,Denise Lloyd DDS,69,Male,52093,08-03-2022,20000,Churned
C1260,David Solis,64,Female,100738,29-11-2024,20000,Active
C1261,Tracey Peterson,57,Other,93523,29-09-2021,20000,Active
C1262,Kathleen Kelly,33,Female,114476,16-06-2021,30000,Active
C1263,Hannah Perez,67,Female,37019,01-01-2025,20000,Churned
C1264,Rachel Mejia,59,Female,103613,15-02-2024,10000,Inactive
C1265,Lisa Gates,36,Male,106672,12-11-2022,50000,Churned
C1266,Kimberly Baker,36,Female,48251,01-09-2022,50000,Churned
C1267,Tammy Stokes,43,Female,110852,27-08-2023,30000,Inactive
C1268,Shannon Brady,43,Other,28308,09-11-2023,50000,Inactive
C1269,Bruce Lucas,40,Female,21150,20-12-2020,10000,Active
C1270,Jennifer Cummings,26,Female,120235,04-06-2022,30000,Active
C1271,Jason Reyes,18,Female,86617,22-02-2025,50000,Churned
C1272,Sally Hernandez,18,Other,145729,11-05-2021,30000,Inactive
C1273,Brian Foster,49,Male,27805,08-11-2022,30000,Inactive
C1274,Levi Johnson,65,Male,40056,21-11-2022,30000,Active
C1275,Jason May,57,Female,76556,08-03-2021,20000,Inactive
C1276,Laura Sanders,18,Female,23343,13-06-2021,50000,Churned
C1277,David Gillespie,56,Female,49375,30-08-2023,50000,Active
C1278,Michael Duncan Jr.,22,Other,133429,24-04-2022,10000,Active
C1279,Eddie Pierce,46,Male,79638,04-08-2024,30000,Inactive
C1280,Elizabeth Douglas,20,Other,105067,18-01-2024,10000,Churned
C1281,Robin Parker,43,Female,87215,23-03-2021,30000,Inactive
C1282,Janice Hill,68,Male,33284,03-06-2022,5000,Inactive
C1283,Christine Hart,39,Male,104664,22-02-2024,30000,Churned
C1284,Stephanie Boone,46,Male,81389,08-08-2022,20000,Churned
C1285,Steven Guerra,45,Other,74340,13-08-2022,20000,Inactive
C1286,Diane Hardy,64,Other,98832,03-10-2020,50000,Inactive
C1287,Stephanie Campbell,47,Female,115981,18-10-2023,50000,Inactive
C1288,Amanda Miller,69,Female,49124,25-05-2023,30000,Inactive
C1289,Diane Martinez,29,Female,63919,24-12-2023,20000,Active
C1290,Brandon Torres,43,Male,141305,29-07-2023,10000,Inactive
C1291,Sharon Hansen,65,Male,141172,03-06-2022,50000,Churned
C1292,Neil Garcia,56,Male,111747,05-10-2024,10000,Active
C1293,Sarah Anderson,50,Other,76573,24-06-2024,30000,Inactive
C1294,Joel Tate,47,Other,122756,31-01-2021,50000,Churned
C1295,Michele White MD,40,Other,124185,05-09-2024,20000,Active
C1296,Kathryn Hamilton,27,Male,99605,16-05-2020,20000,Active
C1297,Jamie Wright,22,Female,117379,24-07-2020,10000,Inactive
C1298,Erin Thomas,51,Male,146131,11-09-2021,50000,Active
C1299,Daniel Wyatt,48,Female,85417,09-02-2021,5000,Active
C1300,John Young,36,Other,120793,26-05-2024,20000,Churned
C1301,Benjamin Carter,49,Male,80160,26-09-2023,30000,Active
C1302,Sarah Johnson,22,Male,36364,03-07-2023,50000,Inactive
C1303,Kevin Russell,21,Female,47663,22-12-2020,30000,Inactive
C1304,Joshua Miller,41,Female,77679,06-03-2022,10000,Active
C1305,Justin Ruiz,19,Female,114704,12-07-2020,30000,Active
C1306,Heidi Williams,45,Male,111007,24-06-2020,30000,Inactive
C1307,Arthur Williams,49,Male,80890,01-09-2024,50000,Churned
C1308,Joyce Edwards,37,Other,38071,20-04-2022,5000,Active
C1309,Luis Ryan,29,Male,92369,11-02-2023,50000,Inactive
C1310,Adam Peterson,52,Male,55195,16-05-2021,10000,Active
C1311,Christina Graves,50,Other,24000,26-02-2023,30000,Churned
C1312,Peter Thompson,68,Other,113610,08-11-2022,50000,Active
C1313,Mark Chan,54,Other,123691,13-11-2020,30000,Inactive
C1314,Jacqueline Swanson,20,Female,117856,09-12-2023,20000,Churned
C1315,Brian Martinez,50,Female,131783,01-08-2024,20000,Churned
C1316,Zachary Stone,27,Other,102986,24-06-2020,5000,Churned
C1317,Darrell Sparks,61,Other,40764,27-02-2023,5000,Active
C1318,Mark Dominguez,30,Other,106027,19-10-2024,10000,Inactive
C1319,Robert Turner,48,Other,23373,19-06-2023,5000,Active
C1320,Maria Velasquez,19,Male,117532,22-07-2020,10000,Churned
C1321,Jessica Jackson,68,Male,143633,01-08-2022,10000,Active
C1322,Mrs. April Schmidt,52,Female,47350,10-09-2023,30000,Churned
C1323,Kurt Martinez,34,Other,114297,30-03-2024,30000,Inactive
C1324,Zachary Donaldson,25,Male,108668,04-04-2023,10000,Inactive
C1325,Megan Kennedy,43,Other,35305,16-12-2022,20000,Churned
C1326,Anne Allen,43,Female,96797,18-09-2021,5000,Churned
C1327,Joanna Durham,51,Male,77458,02-01-2022,20000,Churned
C1328,David Mcdonald,58,Other,40358,20-08-2020,10000,Inactive
C1329,Michelle Craig,21,Male,102745,15-08-2020,50000,Active
C1330,Mrs. Stacy Sampson,67,Other,46092,04-05-2023,10000,Inactive
C1331,Leah Kennedy,28,Male,20412,22-08-2021,5000,Active
C1332,William Weaver,53,Male,53496,06-03-2025,20000,Churned
C1333,Emily Miller,38,Other,109084,22-12-2024,50000,Inactive
C1334,Cody Fleming,53,Female,64425,12-09-2020,5000,Inactive
C1335,Melvin James,54,Other,38888,26-03-2021,20000,Churned
C1336,Angela Johns,41,Female,67295,17-06-2023,20000,Churned
C1337,Lynn Jones,52,Other,134352,28-07-2021,30000,Inactive
C1338,Joshua George,52,Male,105999,09-05-2022,50000,Active
C1339,Joseph Mathis,53,Female,57841,25-02-2025,20000,Churned
C1340,Jonathan Brown,66,Female,85510,11-10-2023,5000,Active
C1341,Brittany Ayala,49,Male,79031,18-12-2020,50000,Churned
C1342,Kevin Bell,40,Male,27357,15-11-2023,20000,Churned
C1343,Jennifer Newton,49,Male,81476,26-09-2023,10000,Inactive
C1344,Brianna Russell,29,Other,56208,16-05-2021,30000,Inactive
C1345,Michael Hendrix,30,Male,63286,18-07-2021,50000,Inactive
C1346,Ronald Peterson,42,Other,88450,23-04-2023,30000,Active
C1347,James Schroeder,58,Female,75069,24-04-2023,20000,Inactive
C1348,Diane Adkins,34,Female,130448,09-05-2024,20000,Churned
C1349,Richard Waters,37,Male,66959,22-06-2020,10000,Inactive
C1350,Christopher Adkins,42,Female,70517,19-07-2021,30000,Inactive
C1351,Stephanie Hicks,30,Other,86234,17-12-2021,30000,Churned
C1352,Brooke Wolfe,36,Male,67280,02-09-2020,30000,Active
C1353,Benjamin Nelson,53,Female,36779,02-06-2022,20000,Inactive
C1354,Jade Mendoza,58,Male,44466,24-04-2022,30000,Churned
C1355,Gloria Campbell,29,Male,89896,18-12-2022,50000,Inactive
C1356,Mrs. Tina Valenzuela,24,Female,79163,13-07-2021,5000,Active
C1357,Kendra Hoffman,31,Other,71934,08-03-2022,20000,Churned
C1358,Jordan Dixon,69,Female,74098,19-11-2024,30000,Active
C1359,Alex Hunt,64,Male,28335,06-03-2024,20000,Churned
C1360,Julia Lee,22,Male,141954,13-05-2024,20000,Inactive
C1361,Gabriel Johnson,29,Other,109112,24-02-2024,30000,Active
C1362,Jennifer Johnson,69,Male,31130,01-02-2021,50000,Active
C1363,Sarah Tucker,38,Other,125955,01-09-2020,10000,Inactive
C1364,Cindy Byrd,40,Other,86703,05-01-2024,5000,Churned
C1365,Jessica Lewis,56,Female,104076,29-07-2024,5000,Active
C1366,Kurt Todd,59,Male,41689,12-04-2023,30000,Active
C1367,Mr. Steven Nicholson,56,Other,108461,16-07-2024,10000,Inactive
C1368,Stephanie Meza,48,Other,123033,18-09-2020,20000,Churned
C1369,Debra Mitchell,22,Other,43714,03-07-2023,20000,Inactive
C1370,Laura Espinoza,40,Female,94460,16-04-2023,30000,Active
C1371,Gregory Lamb,60,Female,109930,05-07-2021,50000,Active
C1372,Alicia Lyons,35,Female,123150,07-10-2021,10000,Churned
C1373,Brian Watson,29,Other,68136,27-09-2023,10000,Active
C1374,Eric Joseph,27,Female,102873,10-01-2022,30000,Inactive
C1375,Jay Burke,61,Other,92592,23-04-2024,20000,Active
C1376,Brent Buck,55,Female,21542,15-08-2020,20000,Churned
C1377,Andre Beard,63,Other,66732,09-03-2021,30000,Active
C1378,Patrick Burgess,57,Female,59081,09-11-2024,50000,Inactive
C1379,Maria Martinez,26,Female,113105,16-11-2020,20000,Churned
C1380,Terri Hernandez,44,Other,39065,31-12-2023,30000,Inactive
C1381,Sarah Hurst,19,Female,103460,06-05-2024,10000,Churned
C1382,Jeremy James,46,Male,146116,13-01-2025,50000,Inactive
C1383,Diamond Willis,55,Male,46962,21-10-2020,30000,Active
C1384,Linda Simpson,25,Female,33807,27-06-2021,30000,Churned
C1385,Samantha Jones,62,Female,46432,23-05-2020,30000,Churned
C1386,Anna Turner,39,Other,126995,16-02-2022,10000,Inactive
C1387,Ana Weber,34,Male,77854,05-05-2021,10000,Churned
C1388,Christopher Carson,24,Other,57080,31-01-2025,20000,Active
C1389,Tabitha Kent,62,Female,111267,17-06-2022,5000,Churned
C1390,Jason Payne,53,Female,55909,23-06-2020,5000,Churned
C1391,Thomas English,48,Male,54578,08-02-2022,30000,Churned
C1392,Heidi Walker,61,Male,123605,17-01-2023,5000,Inactive
C1393,Lauren Williams,56,Female,138874,04-11-2022,20000,Churned
C1394,Mr. Austin Hill,27,Other,75129,25-02-2022,30000,Churned
C1395,Ronnie Richards,36,Male,114246,16-06-2022,20000,Churned
C1396,Sarah Serrano,20,Other,106188,08-08-2022,30000,Inactive
C1397,Leonard White DVM,30,Other,106769,25-12-2023,30000,Churned
C1398,Holly Adams,45,Male,23709,01-06-2024,50000,Active
C1399,Veronica Best,37,Male,75771,20-06-2024,20000,Active
C1400,Rodney Henson,25,Other,33116,10-03-2024,5000,Inactive
C1401,Amy Sanchez,58,Male,62918,21-01-2021,5000,Inactive
C1402,Christopher Taylor,18,Male,59298,24-04-2022,20000,Active
C1403,Paul Thompson,30,Male,100219,03-04-2021,20000,Active
C1404,Vincent Valdez,66,Female,43960,25-02-2022,20000,Inactive
C1405,Fred Wilson,50,Female,123333,19-06-2023,10000,Active
C1406,Darren Montes,23,Other,87641,27-09-2022,30000,Churned
C1407,Larry Love,61,Other,131276,23-01-2024,10000,Active
C1408,Philip Reese,49,Male,42700,24-05-2021,5000,Churned
C1409,Lynn Morrison,64,Female,148148,10-06-2020,50000,Churned
C1410,Daniel Aguirre,33,Male,113045,17-12-2021,30000,Churned
C1411,Adam Thompson,38,Male,81642,21-07-2023,10000,Inactive
C1412,Nicholas Wilson,54,Other,148675,19-12-2024,20000,Inactive
C1413,Rachel Pollard,52,Female,50354,14-09-2024,5000,Inactive
C1414,Michael Martinez,37,Female,130008,10-07-2022,50000,Active
C1415,Alyssa Reid,35,Male,91726,05-02-2025,30000,Inactive
C1416,Pam Mathis,58,Other,72528,28-03-2023,20000,Churned
C1417,Sandra Lee,31,Female,148142,04-05-2023,20000,Inactive
C1418,Christian Huff,48,Female,72736,19-01-2025,10000,Inactive
C1419,Brittany Pena,20,Female,39087,21-10-2020,5000,Active
C1420,William Miles,40,Female,44504,28-12-2023,50000,Inactive
C1421,Misty Atkinson,28,Other,98859,15-02-2023,20000,Churned
C1422,Melody Rose,27,Female,30975,31-07-2020,5000,Churned
C1423,Stephanie Wong,33,Female,41447,18-10-2022,20000,Active
C1424,William Hicks,55,Other,145899,25-08-2020,5000,Churned
C1425,Joseph Williams,41,Other,86203,20-01-2025,30000,Inactive
C1426,Mr. Ronald Mcbride Jr.,25,Male,29337,15-04-2024,50000,Inactive
C1427,Paul Reynolds,45,Male,141507,07-05-2020,10000,Churned
C1428,Tina Landry,43,Female,122023,22-02-2021,10000,Churned
C1429,Jasmine Johnson,67,Male,53307,03-05-2022,5000,Inactive
C1430,Steven Gordon,45,Female,123268,03-02-2025,5000,Churned
C1431,Daniel Bradford,58,Female,24835,26-01-2024,10000,Active
C1432,Philip Franklin,44,Female,67605,26-09-2020,20000,Churned
C1433,Timothy Gamble,34,Female,58088,29-06-2020,10000,Active
C1434,Grant Solis,50,Male,75284,26-11-2020,50000,Inactive
C1435,Amy Long,37,Other,145388,17-11-2024,50000,Inactive
C1436,Tiffany Roy,45,Male,117007,17-09-2021,20000,Inactive
C1437,David Gray,46,Female,47532,10-09-2020,20000,Active
C1438,Mr. Timothy Chandler,63,Female,142402,15-09-2024,5000,Active
C1439,Janet Carrillo,23,Male,25713,12-06-2024,30000,Churned
C1440,Heather Wright,68,Female,69407,25-07-2024,5000,Inactive
C1441,Heather Velasquez,22,Male,70990,12-10-2020,20000,Churned
C1442,Andrew Wise,42,Male,149473,26-12-2023,30000,Inactive
C1443,James Smith,27,Other,104791,08-01-2024,20000,Churned
C1444,Jose Lam,47,Female,43793,04-10-2023,20000,Active
C1445,Michelle Thompson,62,Other,57892,13-02-2025,10000,Inactive
C1446,Travis Mitchell,50,Male,81813,08-03-2025,50000,Churned
C1447,Jonathan Ramsey,18,Female,120497,19-10-2023,50000,Active
C1448,Matthew Shields,49,Other,131854,21-01-2022,5000,Churned
C1449,Melissa Adams,66,Female,148778,12-02-2025,20000,Churned
C1450,Stacey Martinez,38,Female,43833,18-05-2022,5000,Active
C1451,Norman Miller,42,Male,40309,21-06-2022,5000,Inactive
C1452,Melinda Alvarez,44,Female,106704,25-12-2021,5000,Active
C1453,Kim Taylor,30,Male,40384,03-05-2020,50000,Active
C1454,Anna Hughes,51,Female,95880,09-10-2022,30000,Inactive
C1455,Vincent Tyler,52,Other,28702,20-04-2021,50000,Inactive
C1456,Matthew Sims,18,Other,20404,16-03-2022,10000,Inactive
C1457,Jeff Humphrey,65,Other,67926,15-01-2022,5000,Inactive
C1458,Dr. Timothy Santana,23,Other,32763,23-06-2021,30000,Inactive
C1459,Hector Fisher,34,Male,80100,27-10-2021,20000,Active
C1460,Tamara Perry,48,Female,29860,14-04-2021,30000,Active
C1461,Kristina Hampton,55,Female,100642,30-05-2020,5000,Churned
C1462,Michael Curtis,40,Female,43524,22-05-2021,50000,Churned
C1463,Mary Richmond,54,Female,24809,15-06-2020,5000,Inactive
C1464,Cheryl Alvarez,27,Female,73330,10-06-2023,10000,Active
C1465,Jennifer James,34,Female,133748,31-05-2021,5000,Churned
C1466,James Lewis,31,Male,141288,20-03-2022,50000,Active
C1467,Brittany Johnson,63,Male,54816,06-12-2024,20000,Active
C1468,Michael Bridges,68,Male,73932,23-10-2022,50000,Active
C1469,Mark Fisher,30,Male,77091,12-06-2024,50000,Active
C1470,Taylor Brown,18,Other,57744,06-10-2024,10000,Active
C1471,Nicole Bryant,57,Female,128319,16-03-2024,10000,Churned
C1472,Jermaine Duffy,51,Male,56187,20-01-2022,20000,Active
C1473,Jordan Austin,48,Male,27239,07-12-2022,50000,Inactive
C1474,Whitney Smith,56,Male,34489,27-06-2021,5000,Churned
C1475,Justin Hicks,51,Male,81877,15-01-2021,10000,Active
C1476,Dan Smith,20,Female,114074,22-06-2021,10000,Churned
C1477,Hannah Barrett DVM,67,Female,57131,23-04-2020,5000,Active
C1478,Brian Cain,18,Female,135765,07-09-2023,5000,Active
C1479,Kathryn Marks,61,Other,126884,16-05-2023,30000,Churned
C1480,Christopher Roberts,47,Male,44285,09-02-2021,5000,Inactive
C1481,James Johnson,34,Female,73871,12-02-2025,20000,Churned
C1482,Jose Schneider,64,Other,35254,12-10-2023,5000,Inactive
C1483,Jessica Oliver,32,Other,21252,06-04-2023,10000,Churned
C1484,Anna Wilson,38,Male,97709,03-04-2023,50000,Inactive
C1485,Eugene Walker,19,Female,112234,22-01-2021,5000,Active
C1486,Sandra Bowman DDS,68,Female,79494,06-09-2021,30000,Inactive
C1487,Ricky Ferguson,55,Other,85215,09-05-2024,5000,Inactive
C1488,Nancy Williams,51,Other,26949,24-09-2021,30000,Active
C1489,Charles Campos,67,Male,75393,17-04-2025,20000,Churned
C1490,Jasmine Randall,35,Male,26941,07-02-2023,5000,Active
C1491,Brian Finley,32,Female,43386,02-03-2024,50000,Churned
C1492,Jonathan Wilson,68,Other,81886,19-07-2022,50000,Churned
C1493,Christopher Greene,51,Female,103251,13-10-2024,30000,Churned
C1494,Gregory Kaufman,55,Other,76800,05-06-2023,20000,Inactive
C1495,Rebecca Davis,41,Other,62318,19-11-2021,50000,Inactive
C1496,Julie Brooks,47,Male,90390,22-07-2024,5000,Churned
C1497,Michael Osborne,59,Other,142418,22-10-2020,50000,Churned
C1498,Alan Lopez,34,Male,136868,21-04-2022,30000,Inactive
C1499,Philip Rios,46,Male,59811,08-03-2023,30000,Inactive
C1500,Christopher Boyer,27,Female,75479,14-05-2020,30000,Inactive
C1501,Corey Morrison,34,Other,107369,01-06-2020,5000,Inactive
C1502,Michelle Manning,34,Female,39963,10-02-2024,20000,Churned
C1503,Mary Morrison,37,Female,145911,26-01-2024,20000,Active
C1504,Christina Park,22,Other,112705,17-06-2020,30000,Active
C1505,Nathaniel Crawford,23,Male,34388,15-03-2025,5000,Active
C1506,Debra Rubio,19,Female,89836,15-11-2024,5000,Churned
C1507,Theresa Erickson,60,Other,147018,31-03-2024,20000,Active
C1508,Christopher Gross,65,Other,65002,14-07-2024,5000,Churned
C1509,Kathryn Bailey,68,Other,26254,15-10-2020,50000,Inactive
C1510,Christopher Erickson,40,Other,125654,20-10-2021,5000,Inactive
C1511,Antonio Jones,33,Female,91774,28-02-2023,30000,Churned
C1512,Danielle Lowe,28,Male,31637,05-02-2023,20000,Churned
C1513,Daniel Gonzalez,33,Female,44071,28-12-2021,20000,Active
C1514,Laura Wilson,21,Other,130951,23-03-2025,50000,Active
C1515,Melissa Lopez,21,Male,128215,15-01-2021,30000,Active
C1516,Amy Stephens,42,Male,146146,15-01-2022,20000,Churned
C1517,Eric Martin,49,Female,121570,26-01-2025,5000,Inactive
C1518,Christine Hayes,44,Other,89724,26-11-2024,10000,Inactive
C1519,Kelly Peterson,49,Other,95697,20-08-2024,50000,Churned
C1520,Amy Mitchell,68,Other,43954,27-07-2022,50000,Active
C1521,Norman West,38,Other,107044,25-07-2024,20000,Active
C1522,Mark Brown,35,Male,131195,05-07-2022,20000,Churned
C1523,Peggy Castro,59,Female,56668,18-10-2023,20000,Inactive
C1524,Michael Mitchell,39,Male,99252,09-06-2021,10000,Active
C1525,Abigail Perez,23,Other,149668,01-06-2020,30000,Active
C1526,Joshua Cook,58,Male,36907,12-05-2023,5000,Active
C1527,Ryan Mclaughlin,43,Other,113229,14-08-2021,50000,Active
C1528,Matthew Lee,51,Female,128464,24-09-2024,30000,Inactive
C1529,Dylan Bennett,31,Female,111865,19-01-2024,10000,Inactive
C1530,Richard Wise,62,Female,101818,09-07-2024,20000,Churned
C1531,Hannah Armstrong,26,Other,43321,01-04-2022,5000,Active
C1532,Dustin Miller,64,Male,25240,11-11-2020,10000,Churned
C1533,Danielle Meza,39,Male,30478,11-06-2022,5000,Inactive
C1534,Timothy Brown,47,Female,130698,14-12-2024,30000,Inactive
C1535,Jason Butler,65,Other,72796,26-04-2023,30000,Inactive
C1536,Chad Hutchinson,34,Female,115257,11-05-2024,10000,Churned
C1537,Richard Green,53,Male,99104,01-05-2022,20000,Inactive
C1538,Kelly Anderson,25,Male,147600,23-12-2024,20000,Churned
C1539,Austin Johnson,52,Other,70428,21-12-2024,50000,Inactive
C1540,Regina Beard,69,Other,145646,16-05-2024,20000,Active
C1541,Kelli Scott,64,Male,102558,31-07-2024,30000,Churned
C1542,Yolanda Haley,39,Male,28717,02-05-2022,5000,Active
C1543,Thomas Brown,43,Female,48699,02-09-2021,10000,Active
C1544,Alexandra Bond,40,Female,87661,25-08-2024,20000,Inactive
C1545,Caitlin Cole,41,Male,134049,20-07-2024,5000,Inactive
C1546,Amanda Leonard,62,Other,125113,28-03-2021,30000,Active
C1547,Robert Howard,31,Male,35034,19-12-2020,30000,Churned
C1548,Sharon Kennedy,68,Other,25126,21-11-2023,10000,Churned
C1549,Timothy Bonilla,20,Other,38030,28-02-2025,20000,Active
C1550,Nichole Miller,40,Female,104717,05-11-2021,5000,Inactive
C1551,Troy Mcfarland,60,Male,58638,14-01-2023,30000,Active
C1552,Harold Navarro,62,Female,138033,03-11-2022,50000,Inactive
C1553,Emily Harvey,55,Other,125186,24-05-2023,30000,Churned
C1554,Jamie Richardson,68,Other,55854,16-07-2020,30000,Inactive
C1555,Robert Jackson,42,Male,58518,02-06-2022,30000,Active
C1556,Mr. Andrew Stone,54,Female,30267,23-05-2021,10000,Churned
C1557,Beth Rodriguez,27,Female,21062,01-07-2024,20000,Active
C1558,Corey Mason,34,Female,115462,22-06-2020,5000,Active
C1559,Jacob Garcia,39,Female,76793,17-10-2023,50000,Inactive
C1560,William Lane,61,Other,24632,19-10-2021,5000,Inactive
C1561,Lisa Mooney,34,Female,23596,28-04-2020,20000,Active
C1562,Jesse Thomas,37,Female,26168,30-10-2021,10000,Active
C1563,Julie Lozano,21,Other,27561,30-05-2022,5000,Churned
C1564,Joshua Cherry,20,Other,102152,24-06-2024,10000,Inactive
C1565,Rebecca Gray,62,Female,144049,21-12-2024,10000,Active
C1566,Steven Whitaker,64,Male,26371,07-08-2023,10000,Inactive
C1567,Alexander Mcfarland,64,Male,46069,07-07-2022,10000,Churned
C1568,Darrell Riley,51,Male,32910,11-06-2023,5000,Active
C1569,Jennifer Robertson,25,Other,97735,07-12-2024,30000,Inactive
C1570,Michael Edwards,66,Other,43275,24-10-2020,50000,Inactive
C1571,David Williams,36,Other,101449,27-07-2022,50000,Churned
C1572,Hunter Wells,58,Other,80004,23-09-2020,50000,Inactive
C1573,Laura Ramirez DDS,23,Other,104659,01-08-2022,20000,Active
C1574,Janice Johnson,43,Female,68447,15-11-2023,5000,Inactive
C1575,Sean Williams,51,Female,146394,16-11-2022,20000,Inactive
C1576,Alexa Marshall,62,Other,132581,10-05-2023,5000,Inactive
C1577,Vanessa Joyce,54,Other,48024,15-08-2024,5000,Inactive
C1578,James Sims,50,Female,136148,21-08-2024,30000,Active
C1579,Charles Bauer,39,Male,112436,06-02-2022,20000,Inactive
C1580,Jeffery Boyer,23,Male,21605,22-03-2021,5000,Churned
C1581,Marc West,65,Other,47139,05-07-2022,50000,Inactive
C1582,David Johnson,47,Female,76138,31-08-2024,50000,Churned
C1583,Kristin Howell,47,Other,33918,30-10-2020,5000,Inactive
C1584,Jennifer Nelson DDS,41,Other,47446,14-06-2021,10000,Inactive
C1585,Sandra Michael,26,Other,33046,05-03-2025,30000,Churned
C1586,Amber Wells,20,Male,44818,08-02-2025,5000,Inactive
C1587,Rachel Conrad,48,Male,135751,11-05-2021,20000,Churned
C1588,Robert Gomez,54,Male,96323,02-03-2025,50000,Churned
C1589,Andrea Perry,41,Male,58110,27-04-2021,5000,Active
C1590,Daniel Shaw,23,Other,142177,06-04-2025,30000,Inactive
C1591,Isaac Carlson,37,Other,99579,09-09-2024,50000,Churned
C1592,Laura Ferguson,28,Male,142883,12-07-2023,20000,Inactive
C1593,Margaret Parker,32,Female,127141,29-07-2021,30000,Inactive
C1594,Samuel Baker,66,Female,132221,31-03-2022,50000,Active
C1595,Thomas Brennan,55,Other,33234,08-06-2022,20000,Active
C1596,Nancy Simpson,19,Female,20846,06-12-2021,5000,Churned
C1597,Julia Robertson,28,Other,99239,21-03-2025,30000,Inactive
C1598,Mary Johnson,43,Female,66514,19-08-2023,50000,Active
C1599,Karen Jordan,62,Female,117579,13-05-2023,5000,Churned
C1600,William Watkins,22,Other,26469,03-12-2024,10000,Inactive
C1601,Angela Sanders,43,Female,62101,25-05-2024,30000,Active
C1602,Todd Hines,21,Other,111922,06-02-2021,5000,Inactive
C1603,Dr. Richard Neal,37,Other,69376,19-04-2024,30000,Churned
C1604,Leslie Hopkins,37,Female,56976,19-08-2023,10000,Churned
C1605,Erika Sullivan,29,Other,147534,31-10-2021,50000,Active
C1606,Patricia Cooper,18,Other,124537,23-01-2025,30000,Churned
C1607,Jeffrey Ritter,31,Female,130911,12-06-2024,5000,Inactive
C1608,Claudia Bell,55,Female,21828,01-07-2024,10000,Active
C1609,Jo Thompson,28,Female,52254,03-12-2024,30000,Active
C1610,Mark Romero,53,Male,125292,01-08-2021,10000,Active
C1611,Shannon Fuller,60,Male,67362,19-05-2023,20000,Active
C1612,Alexa Williamson MD,50,Other,143781,15-01-2023,50000,Churned
C1613,Sharon Smith,67,Other,79383,29-10-2024,5000,Churned
C1614,Travis Rosales,27,Female,102180,07-12-2024,50000,Active
C1615,Brittany Lawson,40,Other,29865,12-06-2023,30000,Active
C1616,Katelyn Romero,61,Male,59809,29-06-2023,10000,Churned
C1617,David Brooks Jr.,30,Other,25287,23-04-2024,10000,Churned
C1618,Sean Rodriguez,19,Female,54387,01-09-2020,5000,Inactive
C1619,Elizabeth Ross,18,Female,21342,18-01-2022,10000,Inactive
C1620,Audrey Herman,54,Other,128872,19-09-2024,20000,Churned
C1621,Vicki Howell,34,Female,137512,29-07-2021,10000,Churned
C1622,Garrett Whitehead,28,Male,113070,29-08-2022,20000,Inactive
C1623,John Stewart,41,Male,117829,30-12-2020,20000,Churned
C1624,Christine Robinson,52,Other,113789,17-05-2023,30000,Inactive
C1625,Tammy Miller,48,Female,126288,10-04-2021,30000,Churned
C1626,Amber Burns,22,Other,116573,22-06-2024,30000,Active
C1627,Thomas Patterson,61,Male,62929,21-02-2024,50000,Active
C1628,Deborah Mccoy,31,Female,87444,19-09-2021,5000,Churned
C1629,Tiffany Alvarez,28,Female,90792,02-02-2025,20000,Churned
C1630,Joyce Wells,51,Male,104555,02-05-2020,50000,Active
C1631,Bradley Fitzgerald,52,Female,144450,27-06-2020,5000,Active
C1632,Nathan Foster,18,Female,25415,31-07-2020,30000,Churned
C1633,Cole Mitchell,39,Male,146523,11-12-2021,30000,Active
C1634,Nathan Davis,46,Male,28007,20-11-2020,30000,Inactive
C1635,Robert Ferguson,28,Male,61832,02-07-2022,30000,Active
C1636,Charles Mccarthy,54,Female,141101,01-03-2021,50000,Inactive
C1637,Nicole Harper,47,Male,144194,24-01-2023,30000,Active
C1638,Kathleen Hall,38,Female,35524,20-01-2021,10000,Active
C1639,Calvin Hernandez,22,Female,39282,12-03-2022,5000,Churned
C1640,Andrew Gilmore,31,Other,125881,31-03-2023,20000,Active
C1641,Lisa Hayes,21,Male,36984,16-09-2023,5000,Inactive
C1642,Jeffrey Reyes,62,Female,102985,11-06-2021,10000,Churned
C1643,Tiffany Griffin,42,Female,145329,10-09-2022,30000,Churned
C1644,Patrick Hill,57,Male,79207,19-11-2021,5000,Active
C1645,Rhonda Johnson,56,Female,49287,14-05-2024,10000,Active
C1646,Emily Stanton,31,Other,59711,13-05-2022,50000,Churned
C1647,Rhonda Newton,68,Female,93340,21-05-2021,5000,Inactive
C1648,Wayne Cook,55,Male,91520,27-12-2021,20000,Active
C1649,Larry Blackburn,40,Male,122974,15-01-2024,10000,Inactive
C1650,Jared Hughes,32,Other,29184,11-07-2023,50000,Inactive
C1651,Andrew Chapman,42,Male,87728,30-06-2023,5000,Inactive
C1652,Steven Brewer,50,Other,31246,20-12-2024,50000,Active
C1653,Kelly Logan,19,Other,38381,22-10-2022,50000,Churned
C1654,Jerry Rodriguez,57,Male,112263,02-10-2021,10000,Inactive
C1655,Sarah Lee,68,Female,31302,12-11-2023,5000,Churned
C1656,Jessica Warner,68,Female,61157,17-11-2020,10000,Churned
C1657,Regina Cantu,23,Female,112738,19-03-2022,10000,Churned
C1658,Ashley Sloan,24,Other,103122,21-10-2023,5000,Churned
C1659,Jerry Miller,25,Female,116809,17-10-2023,5000,Churned
C1660,Daniel Grimes,69,Other,100910,29-03-2024,50000,Churned
C1661,Peter Adams,64,Other,91324,04-03-2021,5000,Inactive
C1662,Daniel Torres,50,Female,79379,01-05-2024,5000,Churned
C1663,Molly Scott,47,Female,29446,30-05-2020,20000,Inactive
C1664,Ryan Brown,44,Other,118723,21-02-2024,5000,Inactive
C1665,Ann Conner,46,Male,30789,27-04-2020,20000,Active
C1666,Barbara Hunter,50,Other,64028,28-10-2022,5000,Churned
C1667,Christopher Johnson,54,Other,52154,03-07-2022,20000,Active
C1668,Ricardo Rich,50,Male,123677,20-11-2022,20000,Churned
C1669,Christopher Ward,21,Female,39029,30-09-2020,10000,Churned
C1670,Cristian Walker,19,Female,52265,08-03-2021,30000,Churned
C1671,Brandon King,22,Male,132250,13-02-2021,10000,Active
C1672,Matthew Clark,27,Other,63872,02-06-2020,30000,Active
C1673,Paul Hamilton,55,Female,75180,02-02-2021,10000,Active
C1674,Michael Thompson,48,Male,49486,16-04-2021,5000,Inactive
C1675,Monica Stuart,53,Female,148876,16-10-2024,50000,Inactive
C1676,James Henderson,41,Other,84435,15-01-2021,30000,Inactive
C1677,Scott Stevens,32,Male,121532,08-09-2024,10000,Inactive
C1678,Larry Reilly,25,Female,84772,03-07-2023,5000,Churned
C1679,Alisha Orr,46,Female,34382,05-03-2023,20000,Active
C1680,Erika Kennedy,21,Female,121195,29-01-2025,30000,Inactive
C1681,Phillip Henry,62,Other,40609,19-07-2021,30000,Inactive
C1682,Jessica Singh,44,Female,36478,21-10-2020,10000,Inactive
C1683,Jennifer Montes,68,Other,59666,01-06-2024,30000,Inactive
C1684,Miss Cheryl Hartman,53,Other,119097,12-01-2025,20000,Active
C1685,Emily Valdez,60,Other,120420,23-06-2022,30000,Active
C1686,Jasmin Patterson,37,Female,97834,23-05-2020,50000,Active
C1687,Christina Dougherty,27,Other,129415,13-08-2022,20000,Inactive
C1688,Jeremy Juarez,55,Male,129701,06-02-2021,5000,Inactive
C1689,Jeffrey Moran,25,Other,75318,26-06-2023,20000,Inactive
C1690,Dennis Taylor,64,Female,135033,29-12-2023,50000,Churned
C1691,Joanna Pacheco,63,Female,110474,15-01-2022,10000,Churned
C1692,Brandy Johnson,29,Female,95993,02-05-2020,20000,Inactive
C1693,Reginald Ford,30,Male,93319,25-07-2022,20000,Churned
C1694,Jason Ortiz,35,Female,37368,17-10-2020,20000,Churned
C1695,Tammy Pope,50,Male,76942,25-08-2024,5000,Churned
C1696,John Barber,57,Other,119131,26-02-2024,30000,Inactive
C1697,Michael Hunt,60,Other,105451,14-04-2023,10000,Active
C1698,Nicole Freeman,61,Male,57219,06-10-2023,50000,Churned
C1699,Jordan Morrison,65,Female,131939,04-12-2023,5000,Active
C1700,Alan Cook,22,Male,80279,27-11-2023,10000,Churned
C1701,Mary Day,54,Female,124263,29-04-2020,20000,Inactive
C1702,Jennifer Perry,59,Other,47632,06-04-2022,5000,Churned
C1703,Allen Nielsen,45,Male,85310,29-06-2023,30000,Inactive
C1704,Vanessa Austin,26,Female,139797,13-06-2021,30000,Active
C1705,Kenneth Stokes,68,Other,125500,17-02-2021,10000,Churned
C1706,Stephanie Cunningham,31,Female,64327,22-02-2025,30000,Inactive
C1707,Donna Smith,58,Other,23797,25-06-2022,20000,Active
C1708,Richard Russell,28,Male,33718,02-08-2023,5000,Churned
C1709,Diane Atkinson,18,Male,96589,27-10-2024,30000,Churned
C1710,Lauren Greer,54,Female,56244,06-04-2021,50000,Active
C1711,Robert Bauer,43,Female,21645,15-12-2023,20000,Churned
C1712,Bridget Sparks,53,Female,144085,18-11-2024,10000,Churned
C1713,Joshua Kane,40,Female,39256,19-04-2021,30000,Active
C1714,Leah Franklin,18,Male,120158,04-01-2025,10000,Active
C1715,Robert Chase,68,Female,139719,02-01-2022,10000,Churned
C1716,Ricardo Burton,32,Female,88244,24-08-2022,5000,Churned
C1717,Samantha Mays,64,Female,76264,13-08-2020,20000,Churned
C1718,Michael Baker,26,Male,77545,13-07-2024,50000,Churned
C1719,William Weber,69,Female,59224,01-10-2020,20000,Active
C1720,Andres Roy,43,Other,33224,17-02-2024,10000,Inactive
C1721,Ryan Wallace,52,Other,45150,29-07-2024,10000,Active
C1722,Erin Weber,69,Male,69688,04-03-2025,10000,Active
C1723,Amanda Rivera,43,Female,128618,17-04-2021,5000,Inactive
C1724,Crystal Diaz,55,Other,28577,08-09-2021,50000,Inactive
C1725,Eric Schneider,24,Female,146161,11-02-2023,50000,Active
C1726,Travis Nelson,44,Other,77761,27-11-2022,5000,Active
C1727,Alison Cole,44,Female,56368,16-08-2023,30000,Churned
C1728,Kevin Myers,60,Other,61914,12-07-2022,30000,Churned
C1729,Tamara Yates,61,Female,147738,22-06-2021,30000,Churned
C1730,Austin Smith,68,Male,135893,11-02-2022,10000,Inactive
C1731,Michael Fields,41,Other,130616,29-09-2021,5000,Inactive
C1732,Suzanne Davies,24,Female,90835,20-04-2020,50000,Inactive
C1733,Lisa Turner,23,Male,39956,28-12-2022,50000,Churned
C1734,Miss Veronica Hernandez,41,Other,66240,15-08-2023,10000,Active
C1735,Taylor Ramos,66,Female,57148,06-09-2023,50000,Active
C1736,Bradley Yoder,60,Male,24757,18-12-2022,50000,Active
C1737,Michelle Tucker,43,Female,30395,20-07-2023,10000,Active
C1738,Melissa Ashley,67,Female,123892,07-08-2023,10000,Inactive
C1739,Bradley Russell,66,Other,135654,09-01-2021,20000,Active
C1740,Susan Hester,34,Female,66163,16-07-2023,10000,Churned
C1741,Robert Logan,58,Other,69840,22-03-2025,20000,Active
C1742,Sarah Lamb,37,Other,72853,17-05-2021,20000,Churned
C1743,Mary Bradshaw,39,Other,116731,04-03-2024,5000,Churned
C1744,Tiffany Espinoza,57,Other,141392,13-05-2022,10000,Churned
C1745,Michelle Leblanc,24,Other,95520,04-04-2024,10000,Active
C1746,Zachary Hawkins,49,Other,146092,18-06-2020,50000,Churned
C1747,Maria Dyer,47,Other,112374,10-05-2020,20000,Churned
C1748,Daniel Luna,68,Male,44442,21-09-2021,5000,Active
C1749,Michael Brown,36,Male,113501,10-04-2021,50000,Inactive
C1750,Amy Brandt,49,Other,22717,25-12-2024,10000,Churned
C1751,Bruce Reyes MD,46,Female,47952,08-06-2024,50000,Churned
C1752,Courtney Zuniga,62,Male,62460,01-12-2022,30000,Churned
C1753,Joan Olson,47,Other,92847,14-03-2021,20000,Churned
C1754,Nichole Thomas,57,Female,109106,09-11-2023,30000,Active
C1755,David Luna,35,Other,53536,05-09-2024,30000,Inactive
C1756,Patricia Johnson,31,Female,58258,05-07-2023,5000,Churned
C1757,Mark Harper,64,Male,145937,15-07-2021,10000,Inactive
C1758,Paul Johnson,19,Female,26645,14-04-2024,30000,Inactive
C1759,Thomas Owens,45,Male,58000,23-11-2022,20000,Churned
C1760,Kristy Ashley,67,Male,31485,01-02-2024,20000,Churned
C1761,Kevin Werner,55,Female,45522,18-03-2023,20000,Inactive
C1762,Nathan Combs,21,Male,75168,12-06-2022,20000,Churned
C1763,Anna Monroe DVM,25,Other,149948,22-05-2023,5000,Inactive
C1764,Alexis Baldwin,56,Male,68770,18-07-2023,30000,Active
C1765,Lawrence Payne,49,Female,123177,04-05-2022,30000,Active
C1766,Benjamin Perez,27,Male,95629,27-12-2024,5000,Active
C1767,Matthew Stephens,51,Female,72603,26-09-2022,30000,Churned
C1768,Matthew Lewis,50,Female,132726,10-03-2022,10000,Active
C1769,Denise Shelton,45,Female,46399,21-02-2022,50000,Churned
C1770,James Joseph,67,Female,105382,18-12-2022,10000,Active
C1771,Victoria Schmidt,46,Female,129575,10-06-2023,50000,Inactive
C1772,Jordan Davis,18,Female,130904,11-06-2024,20000,Inactive
C1773,Billy Hardy,20,Male,132599,16-09-2021,5000,Inactive
C1774,Luis Watts,40,Other,96218,08-12-2020,30000,Active
C1775,Dennis Griffith,25,Male,76373,19-08-2024,50000,Inactive
C1776,Brenda Perkins,64,Male,88836,28-11-2024,5000,Inactive
C1777,Dr. Laura Williams MD,20,Female,59986,22-08-2021,50000,Churned
C1778,Joshua Ball,50,Other,105595,01-01-2021,30000,Inactive
C1779,Miss Jessica Johnson,64,Other,99111,28-09-2021,5000,Active
C1780,Brenda Hill,51,Female,93506,29-04-2020,10000,Inactive
C1781,Richard Austin,49,Other,107127,10-12-2021,20000,Inactive
C1782,Stephen Bartlett,31,Female,95039,17-08-2021,5000,Inactive
C1783,Desiree Potter,63,Male,104458,14-04-2023,50000,Churned
C1784,Megan Murray,33,Male,139235,05-09-2022,20000,Churned
C1785,Christine Parker,69,Female,126660,01-01-2021,5000,Inactive
C1786,Glenda Brooks,38,Other,106925,11-12-2021,30000,Churned
C1787,Jenna Frye,48,Female,86358,23-09-2020,50000,Churned
C1788,Mr. John Terry,65,Other,67057,23-01-2024,5000,Active
C1789,Kayla Castillo,24,Male,24425,02-02-2021,30000,Inactive
C1790,Jamie Henderson,24,Female,36032,16-07-2022,50000,Inactive
C1791,Jeffrey Owens,40,Male,80500,02-04-2025,10000,Churned
C1792,Oscar Townsend,36,Other,40079,23-10-2020,30000,Churned
C1793,Joseph Murray,36,Male,33859,11-06-2022,5000,Active
C1794,Elizabeth Mills,46,Male,51419,04-07-2021,20000,Inactive
C1795,Monica Brown,35,Other,28705,06-07-2022,30000,Active
C1796,Richard Brown,18,Other,149838,02-04-2022,50000,Active
C1797,Joshua Black,22,Female,107955,28-03-2025,50000,Inactive
C1798,Joseph Flowers,28,Male,123145,03-08-2023,30000,Churned
C1799,Kevin Henderson,19,Other,114914,08-06-2022,20000,Churned
C1800,Taylor Hardy,40,Female,96918,05-06-2022,50000,Churned
C1801,Juan Collins,29,Other,136243,14-11-2022,30000,Churned
C1802,Gary Stone,22,Other,53572,18-03-2025,20000,Inactive
C1803,Walter Cantrell,55,Male,21279,03-05-2021,20000,Inactive
C1804,Katelyn Vaughn,47,Other,131496,21-05-2020,5000,Inactive
C1805,Christian Owens,51,Other,82516,25-12-2020,20000,Churned
C1806,Steven Knight,61,Other,140674,21-06-2023,5000,Churned
C1807,Lauren Smith,69,Female,146457,29-12-2022,20000,Churned
C1808,Ethan Rodriguez,39,Other,37771,14-01-2021,50000,Active
C1809,Brandy Gallegos,41,Other,65648,11-03-2023,5000,Churned
C1810,Karina Woods,27,Female,68285,11-12-2023,10000,Churned
C1811,Julie Armstrong,63,Other,134390,25-12-2023,50000,Inactive
C1812,Eric Potter,49,Male,71920,05-12-2024,10000,Active
C1813,Taylor Farrell,67,Other,55954,02-07-2023,5000,Active
C1814,Julie Jordan,34,Male,22573,07-03-2024,30000,Inactive
C1815,Joseph Stone,26,Female,55367,14-07-2021,10000,Inactive
C1816,Justin Krueger,19,Other,126732,17-07-2023,10000,Inactive
C1817,Sharon Wallace,42,Other,80774,27-06-2024,50000,Inactive
C1818,Christopher Macdonald,26,Other,75029,03-09-2021,5000,Churned
C1819,Kristina Perez,39,Male,71693,25-12-2023,50000,Active
C1820,Amanda Greene,21,Other,75961,14-06-2024,20000,Churned
C1821,Christopher Caldwell,46,Female,96908,28-03-2021,50000,Inactive
C1822,Regina Thomas,51,Female,146678,07-01-2025,10000,Inactive
C1823,Annette Bryant,54,Other,101994,10-04-2021,20000,Churned
C1824,Tracey Brown,23,Female,117425,12-02-2023,20000,Churned
C1825,Derek Conway,38,Female,112201,10-03-2025,10000,Active
C1826,Justin Wilson,53,Female,77384,05-07-2023,50000,Inactive
C1827,Jessica Moon,55,Male,46657,28-08-2023,20000,Inactive
C1828,Jennifer Odonnell,34,Other,42180,24-11-2022,10000,Churned
C1829,Douglas Clark,42,Other,141829,26-03-2022,30000,Inactive
C1830,Tonya Hess,29,Female,21622,14-09-2023,20000,Churned
C1831,Kenneth Jackson,59,Other,36725,24-04-2023,20000,Inactive
C1832,Kayla Turner,38,Male,71226,10-06-2023,50000,Churned
C1833,Bradley Smith,48,Other,102565,08-05-2021,30000,Inactive
C1834,Melissa Novak,44,Female,24263,21-04-2022,10000,Inactive
C1835,Mark Hill,51,Male,116523,28-10-2022,20000,Churned
C1836,Selena Wiley,62,Male,140824,29-04-2024,20000,Inactive
C1837,Christopher Moody,24,Other,113065,15-05-2023,20000,Churned
C1838,Edward Cooper,62,Female,31664,15-01-2025,10000,Active
C1839,Deborah Anderson,43,Other,121332,13-12-2022,20000,Churned
C1840,Joshua Faulkner,45,Other,49373,03-11-2021,20000,Active
C1841,Nicole Bryant,63,Male,148575,11-11-2021,50000,Churned
C1842,David Wright,19,Other,121371,09-08-2022,10000,Active
C1843,John Brown,60,Male,81120,05-09-2020,50000,Active
C1844,Lisa Wilson,68,Other,41172,19-02-2024,10000,Active
C1845,Duane Wilson,53,Male,107410,21-02-2025,30000,Inactive
C1846,Michelle Wang,43,Other,73276,12-09-2021,30000,Active
C1847,Juan Fitzgerald,38,Other,73002,28-08-2024,10000,Active
C1848,Tiffany Taylor,57,Other,144938,01-06-2023,10000,Inactive
C1849,Michael Mathis,53,Other,111248,06-01-2022,30000,Inactive
C1850,Meagan Peterson,56,Other,116999,15-02-2021,10000,Inactive
C1851,Nicole Kramer,52,Female,136021,28-01-2021,20000,Churned
C1852,Nicholas Jones,51,Male,73302,30-01-2023,5000,Churned
C1853,Cheryl Olson,64,Other,88247,26-10-2021,10000,Churned
C1854,Brian Short,39,Other,140900,25-01-2021,5000,Active
C1855,Kimberly Alexander,50,Female,79129,16-09-2024,10000,Active
C1856,Mr. Jesse Mullins,53,Female,94478,06-09-2024,30000,Active
C1857,Cheyenne James,37,Other,134130,17-11-2023,20000,Active
C1858,Lisa Harvey,52,Male,51987,14-03-2021,20000,Churned
C1859,Melinda Gibson,60,Other,32112,18-04-2021,5000,Inactive
C1860,Adam Mcclain,62,Female,58890,25-03-2023,30000,Churned
C1861,Kayla Blankenship,51,Other,67304,01-11-2024,50000,Inactive
C1862,Luis Hernandez,43,Male,125921,26-01-2023,50000,Inactive
C1863,Andrew Hunt,26,Female,35048,24-08-2022,10000,Active
C1864,Jerry Hernandez,57,Female,57904,18-08-2020,10000,Churned
C1865,Andre Moore,18,Female,54008,03-05-2024,20000,Churned
C1866,Angela Jefferson,60,Male,103559,27-11-2022,5000,Churned
C1867,Ryan Johnson,59,Female,130616,19-11-2022,20000,Churned
C1868,Patrick Chang,56,Other,44354,09-01-2025,10000,Active
C1869,Stephanie Boyer,20,Other,48145,13-10-2020,30000,Inactive
C1870,Megan Turner,54,Other,106123,13-03-2025,20000,Active
C1871,Brittney Brown,61,Female,95186,14-09-2022,5000,Active
C1872,Harry Little,47,Male,40581,03-04-2024,30000,Inactive
C1873,Scott Huber,51,Male,43051,27-08-2020,5000,Inactive
C1874,Deborah Harris,36,Female,111748,03-11-2024,10000,Inactive
C1875,Carol Turner MD,61,Female,134618,13-09-2020,20000,Inactive
C1876,Cassie Trevino,66,Other,55772,08-12-2024,50000,Active
C1877,Gabriel Moore,34,Female,69481,14-04-2023,20000,Churned
C1878,William Mccarty,66,Male,77134,08-12-2020,5000,Churned
C1879,Margaret Richardson,29,Male,21341,22-08-2022,30000,Inactive
C1880,Ralph Kelly,33,Male,110327,09-08-2023,30000,Churned
C1881,Cameron Williams,36,Other,91431,01-02-2022,20000,Churned
C1882,Kevin Ewing,48,Male,71860,31-07-2023,20000,Inactive
C1883,Marissa Taylor,34,Other,21750,21-02-2024,10000,Active
C1884,Joshua Dillon,54,Male,87957,14-07-2022,30000,Active
C1885,Eric Moore,33,Female,78053,19-08-2023,50000,Inactive
C1886,George Burke,25,Female,35896,08-07-2022,50000,Inactive
C1887,Eugene Thompson,35,Other,82552,05-11-2021,10000,Active
C1888,Kyle Maynard,29,Other,97454,19-05-2024,50000,Active
C1889,Michael Pope,43,Other,110600,06-05-2022,30000,Churned
C1890,Cynthia Hamilton,62,Other,132153,24-01-2023,20000,Active
C1891,Rachel Maxwell,64,Other,47935,26-07-2020,5000,Active
C1892,Bonnie Jones,27,Other,49711,20-04-2021,50000,Active
C1893,Katelyn Barrett,24,Other,126896,17-12-2023,50000,Active
C1894,Shawn Flowers,40,Male,107833,23-11-2021,20000,Churned
C1895,Deanna Miranda,38,Female,39541,03-07-2024,5000,Churned
C1896,Vanessa Wilson,24,Male,64813,31-08-2024,50000,Inactive
C1897,Melissa Dixon,32,Male,28820,01-07-2024,50000,Inactive
C1898,Edward Ruiz,24,Male,89768,28-09-2020,30000,Active
C1899,Kenneth Anthony,68,Other,100559,08-08-2023,30000,Inactive
C1900,Michael Bailey,25,Other,103441,21-07-2024,5000,Churned
C1901,Jennifer Schmidt,40,Female,119804,27-08-2023,20000,Churned
C1902,Alyssa Williams,35,Male,56062,25-12-2024,30000,Inactive
C1903,Gregory Nash,47,Male,71571,24-08-2021,10000,Churned
C1904,Mark Harrison,56,Male,39426,06-01-2021,5000,Inactive
C1905,Melissa Barnes,35,Female,37850,21-04-2023,5000,Churned
C1906,Carol Gomez,59,Male,86150,06-01-2023,5000,Inactive
C1907,Vincent Martinez,34,Male,109613,11-03-2023,20000,Inactive
C1908,Stephen Kim,48,Male,72375,05-10-2020,10000,Churned
C1909,Jordan Bowman,52,Other,55435,14-06-2020,30000,Inactive
C1910,Kimberly Flores,62,Female,98945,23-08-2020,30000,Inactive
C1911,James Williams,20,Female,149828,26-10-2022,5000,Churned
C1912,Andrew Phillips,60,Other,22983,24-07-2022,50000,Active
C1913,Brenda Miller,43,Other,40662,12-02-2023,20000,Active
C1914,Gregory Garza,40,Male,98187,08-03-2022,50000,Inactive
C1915,Patricia Griffin,56,Other,76846,28-08-2024,10000,Churned
C1916,Paula Bird,66,Male,64547,03-12-2020,5000,Active
C1917,Victoria Davis MD,46,Female,35317,18-04-2022,30000,Churned
C1918,Erica Humphrey,42,Other,27564,20-04-2021,50000,Inactive
C1919,Eric Williams,35,Other,133824,11-08-2022,30000,Active
C1920,Lindsay Johnston,33,Male,143372,02-06-2023,30000,Inactive
C1921,Latoya Drake,59,Male,94859,28-03-2022,20000,Active
C1922,Stephanie Bray,19,Other,94038,25-12-2024,5000,Active
C1923,Keith Ferguson,52,Other,72393,07-12-2024,30000,Churned
C1924,James Daniels,51,Male,145341,21-09-2023,10000,Active
C1925,Lindsay Sanchez,30,Male,47788,17-10-2022,5000,Churned
C1926,Ashley Ingram,35,Male,68543,28-09-2021,30000,Churned
C1927,Vincent Wood,49,Other,89346,26-04-2021,5000,Active
C1928,Kelsey Morrison,56,Other,127309,18-06-2023,5000,Inactive
C1929,Cindy Terry,69,Female,65084,30-12-2022,10000,Churned
C1930,Alexis French,66,Male,81916,24-07-2023,5000,Active
C1931,Leslie Mccann,61,Other,32984,23-06-2023,20000,Active
C1932,Anthony Peters,33,Other,105431,17-09-2021,50000,Inactive
C1933,Amanda Nelson,61,Other,78606,23-07-2023,50000,Churned
C1934,Matthew Watson,27,Female,125373,08-03-2025,10000,Inactive
C1935,Amanda Williams,42,Male,44574,28-02-2022,50000,Active
C1936,Bryan Guzman,56,Female,139123,03-04-2023,20000,Inactive
C1937,Sarah Massey,22,Male,30816,03-09-2021,50000,Churned
C1938,Richard Cain,47,Other,105680,22-09-2021,10000,Churned
C1939,Emily Avila,20,Other,129996,20-10-2023,30000,Churned
C1940,Shannon Smith,31,Female,44951,21-10-2022,5000,Inactive
C1941,Yvonne Christian,47,Other,54801,27-10-2021,30000,Churned
C1942,Ralph Jones,21,Female,52913,03-03-2021,30000,Inactive
C1943,Robert Mcfarland,54,Male,60600,30-04-2020,20000,Inactive
C1944,Margaret Weber,65,Male,110816,18-04-2023,50000,Inactive
C1945,Adam King,63,Male,132590,05-11-2024,10000,Inactive
C1946,Joseph Hughes,26,Other,24494,23-05-2020,10000,Inactive
C1947,Vincent Friedman,66,Male,142744,30-12-2024,50000,Inactive
C1948,Stephanie Mendez,41,Female,94691,22-09-2022,50000,Churned
C1949,Andrea Gibson,29,Male,128730,01-12-2022,30000,Active
C1950,Dominique Lynn,54,Female,144988,01-04-2022,10000,Inactive
C1951,Ian Sosa,54,Other,127434,02-12-2023,5000,Inactive
C1952,Crystal Edwards,23,Female,20806,11-10-2024,5000,Churned
C1953,Andrew Lloyd,63,Other,146295,18-06-2021,10000,Active
C1954,Zachary Walton,28,Female,49757,03-01-2023,30000,Churned
C1955,Ryan Moody,30,Other,100097,30-01-2022,50000,Active
C1956,Crystal Payne,42,Male,44262,10-12-2020,10000,Churned
C1957,John Wright,69,Other,82211,04-09-2021,50000,Active
C1958,Andrew Wells,25,Female,76979,30-10-2024,10000,Inactive
C1959,Jessica Buchanan,46,Female,101470,06-09-2021,5000,Active
C1960,Amanda Hunter,68,Male,121868,04-03-2021,5000,Churned
C1961,Jennifer Thompson,63,Female,97129,17-03-2024,10000,Churned
C1962,Lauren Brandt,60,Other,81665,01-12-2020,10000,Inactive
C1963,Kristin Fitzgerald,43,Male,102856,11-01-2024,50000,Inactive
C1964,Mark Gibson,66,Female,129049,28-05-2022,30000,Inactive
C1965,Rachel Diaz,20,Other,34199,09-10-2022,20000,Inactive
C1966,Anna Campbell,23,Female,101412,22-12-2024,20000,Churned
C1967,Terry Potts,22,Female,93781,26-06-2021,30000,Active
C1968,Brandi Freeman,64,Other,86262,29-10-2023,30000,Inactive
C1969,Michael Hays,66,Male,66600,15-03-2022,20000,Inactive
C1970,Deborah Rowe,52,Female,82483,26-02-2024,5000,Churned
C1971,Marcus Anderson,66,Male,46172,24-09-2023,10000,Active
C1972,Tommy Miller,59,Female,104386,09-03-2021,50000,Churned
C1973,Rebecca Thomas,67,Other,45425,17-11-2020,30000,Inactive
C1974,Stephanie Hernandez,34,Male,132855,13-07-2022,10000,Inactive
C1975,Joseph Gonzalez,20,Male,48831,09-12-2021,30000,Churned
C1976,Lisa Rodriguez,52,Male,81413,30-07-2021,30000,Churned
C1977,Kayla Stevens,30,Other,27287,20-02-2023,20000,Inactive
C1978,Jessica Morris,64,Female,80504,20-03-2025,30000,Inactive
C1979,Virginia Howell,26,Male,122979,19-03-2022,20000,Active
C1980,Sandra Nichols,31,Male,103300,21-04-2024,50000,Inactive
C1981,Crystal Lowe,51,Male,37674,05-01-2023,50000,Churned
C1982,Ashley Carr,58,Male,131543,26-12-2022,50000,Active
C1983,Amanda Franklin,20,Male,63642,12-07-2020,5000,Active
C1984,Donna Haas,45,Female,117820,01-11-2024,10000,Churned
C1985,Kristin Johnson,26,Male,37602,09-04-2024,5000,Churned
C1986,Destiny Wilson,42,Male,108801,04-08-2022,5000,Active
C1987,Julia Robbins,29,Other,114377,17-05-2022,30000,Inactive
C1988,Laura Randall,26,Male,66542,09-11-2021,50000,Churned
C1989,Jason Cunningham,57,Other,62520,08-09-2020,50000,Inactive
C1990,Joshua Jones,22,Other,78762,18-10-2023,30000,Active
C1991,Austin Smith,51,Male,45559,13-09-2022,50000,Churned
C1992,Matthew Watkins,32,Female,89669,07-02-2025,5000,Active
C1993,Jennifer Garner,25,Other,41754,20-09-2021,20000,Churned
C1994,Margaret Holt,22,Female,90831,19-01-2023,5000,Churned
C1995,Sandra Gray,43,Other,61873,09-07-2024,30000,Active
C1996,Nicole Nelson,23,Male,126532,16-02-2025,5000,Churned
C1997,Gerald Valenzuela,65,Male,23020,31-05-2023,10000,Active
C1998,Cynthia Barry,45,Other,105956,09-12-2021,50000,Inactive
C1999,Stephanie Roberson,30,Female,65648,30-08-2022,20000,Inactive
